start_node,end_node,length,osmid,oneway,lanes,name,highway,reversed,geometry,bridge,maxspeed
111415446,5284452753,218.883,"[1177650957, 250949165, 1177650958]",True,"['2', '3']",Avenida da Boavista,primary,False,"LINESTRING (-8.6358336 41.1589918, -8.6355343 41.1589437, -8.635316 41.1589086, -8.6352624 41.1589, -8.6350674 41.1588686, -8.6345512 41.1587795, -8.6345103 41.1587738, -8.6343641 41.1587487, -8.6342105 41.1587222, -8.6341734 41.1587158, -8.6339939 41.1586849, -8.6336453 41.1586249, -8.6334014 41.1585822, -8.633282 41.1585628)",,
122439068,1216466461,133.915,608418840,True,2,Avenida da França,secondary,False,"LINESTRING (-8.6270836 41.1647122, -8.6270437 41.1648399, -8.6270194 41.1649227, -8.6269691 41.1650903, -8.6267719 41.1657348, -8.6267246 41.1658858)",,
126592365,1788788654,71.308,212706763,True,2,Rua da Prelada,secondary,False,"LINESTRING (-8.626429 41.1667835, -8.6263321 41.1667715, -8.6261851 41.1667763, -8.6261407 41.1667873, -8.6259142 41.1668432, -8.6258725 41.1668535, -8.6256914 41.1669202, -8.6256232 41.1669453)",,
126597343,12148105741,299.86,"[105637465, 13714507, 209436196]",True,2,Rua Domingos Sequeira,secondary,False,"LINESTRING (-8.6325164 41.1620091, -8.6324316 41.1620732, -8.6314861 41.1625237, -8.6310379 41.1627403, -8.6309934 41.1627597, -8.630899 41.1628035, -8.6308701 41.1628162, -8.6297933 41.1632878, -8.6295804 41.1633828, -8.6295406 41.1634006, -8.6294737 41.1634261)",yes,
126597726,126598827,136.929,209436196,True,2,Rua Domingos Sequeira,secondary,False,"LINESTRING (-8.62909 41.1636071, -8.6290143 41.1636059, -8.627588 41.1635198, -8.6274598 41.1635081)",,
126598827,122439068,137.55599999999998,800153230,True,3,Avenida da França,secondary,False,"LINESTRING (-8.6274598 41.1635081, -8.6273562 41.1638723, -8.6271308 41.1645724, -8.6270836 41.1647122)",,
128560437,128566335,84.221,13797704,False,3,Praça de Nove de Abril,secondary,True,"LINESTRING (-8.6128402 41.1710753, -8.6128154 41.1712961, -8.6127544 41.1717464, -8.6127436 41.1718292)",,
128560437,343646688,131.499,30912875,True,1,Praça de Nove de Abril,residential,False,"LINESTRING (-8.6128402 41.1710753, -8.6126606 41.1710618, -8.6112781 41.1709494)",,
128566335,128560437,84.221,13797704,False,3,Praça de Nove de Abril,secondary,False,"LINESTRING (-8.6127436 41.1718292, -8.6127544 41.1717464, -8.6128154 41.1712961, -8.6128402 41.1710753)",,
128566335,5258500725,51.577,228569586,False,2,Rua de Monsanto,tertiary,False,"LINESTRING (-8.6127436 41.1718292, -8.6128427 41.1718284, -8.6132224 41.1718248, -8.6133596 41.1718197)",,
128597080,411504967,48.057,1167578692,True,2,Largo da Igreja de Paranhos,secondary,False,"LINESTRING (-8.6058176 41.1736115, -8.6056268 41.1736407, -8.6052572 41.1737054)",,
287458449,416007714,91.381,26248565,True,,Rua de Delfim Maia,residential,False,"LINESTRING (-8.6103785 41.1727672, -8.6095116 41.1729352, -8.6094669 41.1729427, -8.6093197 41.1729674)",,
287458449,2486710547,60.426,35104969,False,2,Rua de Delfim Maia,residential,False,"LINESTRING (-8.6103785 41.1727672, -8.6104543 41.1727534, -8.6109755 41.1726582, -8.6110801 41.1726391)",,
311889366,428214907,130.736,1016573832,True,2,Rua Guerra Junqueiro,tertiary,False,"LINESTRING (-8.6369246 41.156824, -8.6366935 41.1572951, -8.6364181 41.1578564, -8.6363835 41.1579269)",,
311889375,428214905,149.137,28996911,True,2,Rua Guerra Junqueiro,tertiary,False,"LINESTRING (-8.6387697 41.153116, -8.6387355 41.1531863, -8.6381954 41.1542944, -8.638156 41.1543751)",,
311889375,479183608,108.146,1016392202,False,3,Rua do Campo Alegre,secondary,True,"LINESTRING (-8.6387697 41.153116, -8.6385893 41.1530728, -8.6385465 41.1530634, -8.6381943 41.1529858, -8.6376612 41.1528629, -8.6375345 41.1528317)",,
311889445,428216714,56.839,28996911,True,2,Rua Guerra Junqueiro,tertiary,False,,,
335562443,126597343,86.38799999999999,"[167487384, 1184878068]",True,"['2', '1']",Rua dos Vanzeleres,residential,False,"LINESTRING (-8.6331573 41.1614002, -8.6328352 41.161704, -8.6326243 41.1619039, -8.6325809 41.1619458, -8.6325164 41.1620091)",,
343646688,343646697,93.41999999999999,30912876,False,2,Praça de Nove de Abril,residential,False,"LINESTRING (-8.6112781 41.1709494, -8.6112594 41.1710905, -8.6111848 41.1716541, -8.6111674 41.1717854)",,
343646697,2486710547,95.208,30912876,False,2,Praça de Nove de Abril,residential,False,"LINESTRING (-8.6111674 41.1717854, -8.6110861 41.1725806, -8.6110801 41.1726391)",,
343646697,343646688,93.42,30912876,False,2,Praça de Nove de Abril,residential,True,"LINESTRING (-8.6111674 41.1717854, -8.6111848 41.1716541, -8.6112594 41.1710905, -8.6112781 41.1709494)",,
343646734,4455723345,91.997,35475028,False,2,Rua da Natária,tertiary,False,"LINESTRING (-8.6231535 41.1675394, -8.6232561 41.1675226, -8.6233534 41.1674997, -8.6234468 41.1674775, -8.624203 41.1672949)",,
343646734,474789304,146.754,741767469,False,,Rua de São Dinis,tertiary,False,"LINESTRING (-8.6231535 41.1675394, -8.6230796 41.1675369, -8.6230031 41.1675243, -8.6228039 41.1674724, -8.6226607 41.1674727, -8.6221444 41.1675019, -8.6219794 41.1675109, -8.6218681 41.1675098, -8.6217777 41.1675052, -8.621585 41.1674947, -8.6214164 41.1674924)",,20
343646735,3694392908,39.259,35475028,False,2,Rua da Natária,tertiary,True,"LINESTRING (-8.625176 41.167059, -8.6250381 41.1670928, -8.62473 41.1671682)",,
343646735,1788788654,39.511,193149514,False,3,Praça do Exército Libertador,secondary,True,"LINESTRING (-8.625176 41.167059, -8.6253926 41.1670039, -8.6254201 41.1669969, -8.6256232 41.1669453)",,
343646737,343646751,21.624,263330573,False,2,Rua Nove de Abril,residential,False,,,
343646737,343646757,109.328,914265946,False,,Rua Nove de Abril,residential,True,,,
343646742,343646757,110.036,914265946,False,,Rua Nove de Abril,residential,False,,,
343646751,343646737,21.624,263330573,False,2,Rua Nove de Abril,residential,True,,,
343646751,5258500724,284.99199999999996,263330573,False,2,Rua Nove de Abril,residential,False,"LINESTRING (-8.6174141 41.1701197, -8.6165074 41.1706225, -8.6163901 41.170672, -8.6162353 41.1707013, -8.6161742 41.170704, -8.6157348 41.1707234, -8.615391 41.1707385, -8.6149876 41.1708483, -8.6144219 41.1711711)",,
343646757,343646737,109.328,914265946,False,,Rua Nove de Abril,residential,False,,,
343646757,343646742,110.036,914265946,False,,Rua Nove de Abril,residential,True,,,
411504967,2084090872,58.297,705505995,False,2,Rua Doutor Manuel Pereira da Silva,secondary,True,"LINESTRING (-8.6052572 41.1737054, -8.6048937 41.1736654, -8.6045648 41.1736749)",,
411504977,9049275537,118.58300000000001,"[35145521, 1174863221]",False,3,Rua do Doutor Roberto Frias,secondary,False,"LINESTRING (-8.5997536 41.1746799, -8.5998329 41.1748119, -8.5999386 41.1750034, -8.6000191 41.1751417, -8.6000451 41.1751947, -8.6000901 41.1752896, -8.6001245 41.1753856, -8.6001652 41.1755369, -8.6001867 41.1756882)",,
411504977,420777494,124.48500000000001,"[35078500, 1174863220]",False,"['2', '3']",Rua Doutor Manuel Pereira da Silva,secondary,False,"LINESTRING (-8.5997536 41.1746799, -8.5998871 41.1745908, -8.6003397 41.174264, -8.6007561 41.1739634, -8.6008383 41.1739145)",,
411504984,420777494,38.42999999999999,35078500,False,2,Rua Doutor Manuel Pereira da Silva,secondary,True,"LINESTRING (-8.6012643 41.1737938, -8.6011677 41.1738077, -8.6010496 41.1738346, -8.6009979 41.1738485, -8.6009155 41.1738773, -8.6008383 41.1739145)",,
411504984,412249442,209.974,"[1208344474, 705505996, 1245335823]",False,2,Rua Doutor Manuel Pereira da Silva,secondary,False,"LINESTRING (-8.6012643 41.1737938, -8.6012726 41.1737928, -8.6013086 41.173789, -8.6013471 41.1737862, -8.6013863 41.1737839, -8.6014639 41.1737802, -8.6015026 41.1737786, -8.6015419 41.1737773, -8.6015808 41.1737758, -8.6016198 41.1737743, -8.6021695 41.1737572, -8.6023474 41.1737514, -8.6034975 41.1737112, -8.6035805 41.1737092, -8.6037698 41.1737032)",,
412248019,432578781,160.219,"[704870100, 1028339895]",False,3,Rua do Doutor Roberto Frias,secondary,False,"LINESTRING (-8.600181 41.1758899, -8.6001733 41.1760053, -8.6001511 41.1761223, -8.6000982 41.1762672, -8.6000095 41.1764594, -8.5997431 41.1769697, -8.5996828 41.1770887, -8.5995986 41.1772548)",,
412248019,9049275537,22.450000000000003,1028339896,False,2,Rua do Doutor Roberto Frias,secondary,True,"LINESTRING (-8.600181 41.1758899, -8.6001887 41.1757993, -8.6001867 41.1756882)",,
412249442,2084090872,66.615,705505995,False,2,Rua Doutor Manuel Pereira da Silva,secondary,False,,,
412249442,411504984,209.97400000000002,"[1208344474, 705505996, 1245335823]",False,2,Rua Doutor Manuel Pereira da Silva,secondary,True,"LINESTRING (-8.6037698 41.1737032, -8.6035805 41.1737092, -8.6034975 41.1737112, -8.6023474 41.1737514, -8.6021695 41.1737572, -8.6016198 41.1737743, -8.6015808 41.1737758, -8.6015419 41.1737773, -8.6015026 41.1737786, -8.6014639 41.1737802, -8.6013863 41.1737839, -8.6013471 41.1737862, -8.6013086 41.173789, -8.6012726 41.1737928, -8.6012643 41.1737938)",,
416007714,128597080,301.757,"[35727408, 1167578690, 35727410, 1028336214]",True,"['2', '1']",Rua de Delfim Maia,residential,False,"LINESTRING (-8.6093197 41.1729674, -8.6092856 41.1729735, -8.6083712 41.1731364, -8.6073315 41.1733228, -8.6066052 41.1734655, -8.605984 41.1735813, -8.6058176 41.1736115)",yes,
420777494,411504984,38.43,35078500,False,2,Rua Doutor Manuel Pereira da Silva,secondary,False,"LINESTRING (-8.6008383 41.1739145, -8.6009155 41.1738773, -8.6009979 41.1738485, -8.6010496 41.1738346, -8.6011677 41.1738077, -8.6012643 41.1737938)",,
420777494,411504977,124.48499999999999,"[1174863220, 35078500]",False,"['2', '3']",Rua Doutor Manuel Pereira da Silva,secondary,True,"LINESTRING (-8.6008383 41.1739145, -8.6007561 41.1739634, -8.6003397 41.174264, -8.5998871 41.1745908, -8.5997536 41.1746799)",,
428214905,428214906,78.69600000000001,28996911,True,2,Rua Guerra Junqueiro,tertiary,False,"LINESTRING (-8.638156 41.1543751, -8.6380786 41.1545338, -8.6378746 41.1549518, -8.6378318 41.1550394)",,
428214906,311889445,83.697,28996911,True,2,Rua Guerra Junqueiro,tertiary,False,"LINESTRING (-8.6378318 41.1550394, -8.6375106 41.1556584, -8.6374937 41.1556909, -8.637468 41.1557405)",,
428214907,111415446,127.04600000000002,1016617005,True,2,Rua Guerra Junqueiro,tertiary,False,"LINESTRING (-8.6363835 41.1579269, -8.6363563 41.1579796, -8.635862 41.1589379, -8.6358336 41.1589918)",,
428216714,311889366,71.944,28996911,True,2,Rua Guerra Junqueiro,tertiary,False,"LINESTRING (-8.6372278 41.1562186, -8.6369542 41.156765, -8.6369246 41.156824)",,
432578781,4523960189,76.754,704870100,False,3,Rua do Doutor Roberto Frias,secondary,False,"LINESTRING (-8.5995986 41.1772548, -8.5993019 41.1778217, -8.5992641 41.1778975)",,
432578781,412248019,160.219,"[704870100, 1028339895]",False,3,Rua do Doutor Roberto Frias,secondary,True,"LINESTRING (-8.5995986 41.1772548, -8.5996828 41.1770887, -8.5997431 41.1769697, -8.6000095 41.1764594, -8.6000982 41.1762672, -8.6001511 41.1761223, -8.6001733 41.1760053, -8.600181 41.1758899)",,
474728387,2689538408,30.025,39607956,False,,Rua de São Dinis,tertiary,True,,,
474728387,1216466495,47.94,39607956,False,,Rua de São Dinis,tertiary,False,"LINESTRING (-8.620199 41.1675609, -8.6200573 41.1675703, -8.6197944 41.1675878, -8.6196285 41.1675988)",,
474789304,343646734,146.75400000000002,741767469,False,,Rua de São Dinis,tertiary,True,"LINESTRING (-8.6214164 41.1674924, -8.621585 41.1674947, -8.6217777 41.1675052, -8.6218681 41.1675098, -8.6219794 41.1675109, -8.6221444 41.1675019, -8.6226607 41.1674727, -8.6228039 41.1674724, -8.6230031 41.1675243, -8.6230796 41.1675369, -8.6231535 41.1675394)",,20
474789304,2689538408,72.185,1187724077,False,,Rua de São Dinis,tertiary,False,"LINESTRING (-8.6214164 41.1674924, -8.6213684 41.1674938, -8.6205557 41.1675325)",,
479183608,311889375,108.14600000000002,1016392202,False,3,Rua do Campo Alegre,secondary,False,"LINESTRING (-8.6375345 41.1528317, -8.6376612 41.1528629, -8.6381943 41.1529858, -8.6385465 41.1530634, -8.6385893 41.1530728, -8.6387697 41.153116)",,
1216466461,10876563844,63.317,608418840,True,2,Avenida da França,secondary,False,,,
1216466495,474728387,47.94,39607956,False,,Rua de São Dinis,tertiary,True,"LINESTRING (-8.6196285 41.1675988, -8.6197944 41.1675878, -8.6200573 41.1675703, -8.620199 41.1675609)",,
1216466495,343646742,134.464,263330574,True,,Rua Nova do Regado,residential,False,"LINESTRING (-8.6196285 41.1675988, -8.6196761 41.1686891, -8.6197025 41.1688058)",,
1243809319,1243809345,74.358,108385736,True,,Rua 15 de Novembro,residential,False,,,
1243809331,335562443,94.227,167487384,True,1,Rua dos Vanzeleres,residential,False,"LINESTRING (-8.6328076 41.1605973, -8.6329408 41.1608108, -8.6331371 41.1613453, -8.6331573 41.1614002)",,
1243809345,1243809331,12.546,167487384,True,1,Rua dos Vanzeleres,residential,False,,,
1788788654,343646735,39.511,193149514,False,3,Praça do Exército Libertador,secondary,False,"LINESTRING (-8.6256232 41.1669453, -8.6254201 41.1669969, -8.6253926 41.1670039, -8.625176 41.167059)",,
2084090872,412249442,66.615,705505995,False,2,Rua Doutor Manuel Pereira da Silva,secondary,True,,,
2084090872,411504967,58.297,705505995,False,2,Rua Doutor Manuel Pereira da Silva,secondary,False,"LINESTRING (-8.6045648 41.1736749, -8.6048937 41.1736654, -8.6052572 41.1737054)",,
2486710547,343646697,95.208,30912876,False,2,Praça de Nove de Abril,residential,True,"LINESTRING (-8.6110801 41.1726391, -8.6110861 41.1725806, -8.6111674 41.1717854)",,
2486710547,287458449,60.426,35104969,False,2,Rua de Delfim Maia,residential,True,"LINESTRING (-8.6110801 41.1726391, -8.6109755 41.1726582, -8.6104543 41.1727534, -8.6103785 41.1727672)",,
2572799251,1243809319,141.282,108385736,True,,Rua 15 de Novembro,residential,False,"LINESTRING (-8.633255 41.1586437, -8.6332321 41.1587176, -8.6330171 41.1594285, -8.6329893 41.1595199, -8.6328715 41.159881)",,
2689538408,474728387,30.025,39607956,False,,Rua de São Dinis,tertiary,False,,,
2689538408,474789304,72.185,1187724077,False,,Rua de São Dinis,tertiary,True,"LINESTRING (-8.6205557 41.1675325, -8.6213684 41.1674938, -8.6214164 41.1674924)",,
3694392908,4455723345,46.309,35475028,False,2,Rua da Natária,tertiary,True,,,
3694392908,343646735,39.259,35475028,False,2,Rua da Natária,tertiary,False,"LINESTRING (-8.62473 41.1671682, -8.6250381 41.1670928, -8.625176 41.167059)",,
4455723345,3694392908,46.309,35475028,False,2,Rua da Natária,tertiary,False,,,
4455723345,343646734,91.997,35475028,False,2,Rua da Natária,tertiary,True,"LINESTRING (-8.624203 41.1672949, -8.6234468 41.1674775, -8.6233534 41.1674997, -8.6232561 41.1675226, -8.6231535 41.1675394)",,
4523960189,432578781,76.754,704870100,False,3,Rua do Doutor Roberto Frias,secondary,True,"LINESTRING (-8.5992641 41.1778975, -8.5993019 41.1778217, -8.5995986 41.1772548)",,
5258500724,343646751,284.992,263330573,False,2,Rua Nove de Abril,residential,True,"LINESTRING (-8.6144219 41.1711711, -8.6149876 41.1708483, -8.615391 41.1707385, -8.6157348 41.1707234, -8.6161742 41.170704, -8.6162353 41.1707013, -8.6163901 41.170672, -8.6165074 41.1706225, -8.6174141 41.1701197)",,
5258500724,5258500725,114.493,456405090,True,1,Rua Nove de Abril,residential,False,"LINESTRING (-8.6144219 41.1711711, -8.6134406 41.1717732, -8.6134296 41.1717795, -8.6133596 41.1718197)",,
5258500725,128566335,51.577,228569586,False,2,Rua de Monsanto,tertiary,True,"LINESTRING (-8.6133596 41.1718197, -8.6132224 41.1718248, -8.6128427 41.1718284, -8.6127436 41.1718292)",,
5284452753,2572799251,9.276,167487416,True,,,primary_link,False,"LINESTRING (-8.633282 41.1585628, -8.6332673 41.1586055, -8.633255 41.1586437)",,
9049275537,412248019,22.450000000000003,1028339896,False,2,Rua do Doutor Roberto Frias,secondary,False,"LINESTRING (-8.6001867 41.1756882, -8.6001887 41.1757993, -8.600181 41.1758899)",,
9049275537,411504977,118.583,"[35145521, 1174863221]",False,3,Rua do Doutor Roberto Frias,secondary,True,"LINESTRING (-8.6001867 41.1756882, -8.6001652 41.1755369, -8.6001245 41.1753856, -8.6000901 41.1752896, -8.6000451 41.1751947, -8.6000191 41.1751417, -8.5999386 41.1750034, -8.5998329 41.1748119, -8.5997536 41.1746799)",,
10876563844,126592365,39.906,841248734,True,2,Avenida da França,secondary,False,"LINESTRING (-8.626589 41.166446, -8.626467 41.1666764, -8.626429 41.1667835)",,
12148105741,126597726,37.937,209436196,True,2,Rua Domingos Sequeira,secondary,False,"LINESTRING (-8.6294737 41.1634261, -8.6293401 41.1634927, -8.6292266 41.1635506, -8.62909 41.1636071)",,
